Feature1,Feature2,Label
2.608415957842687,0.6632942811839453,1
-2.3326942639820016,0.21802958357500857,0
2.349179008788652,0.21319906400106792,1
1.2543014533317438,1.8825425494466788,1
1.3576142459547835,1.7704488373887468,1
1.2477034899898574,1.390909172646262,1
-1.6945731522158316,1.3971580470906664,0
2.0529575178384922,0.7719285770810911,1
1.4910948718144108,0.9881751565633177,1
1.1535700748184214,1.8771866674338031,1
-1.8854926869692745,0.609681481932384,0
-1.855987146667463,0.868559073392061,0
1.3126948668100307,1.0987446042855002,1
1.9150091171733143,1.5416650845028703,1
0.6295115761310722,2.342072249098936,1
-0.7863810268496767,2.5643138596865276,0
-1.4123210594277706,1.889219246388069,0
0.7354895717997725,1.4527544692188303,1
-2.2099600270996183,0.4805995615194758,0
-1.3802512364514727,1.5770602391959063,0
-0.3695700962052222,3.2556436767393295,0
-2.1838334138493316,0.48500303647489273,0
-2.1928551857499543,0.5792638030223858,0
1.3496297460124913,2.130684981978529,1
0.747646437612642,1.73060080611126,1
2.5741437675089305,0.18171541875022257,1
1.543049750115174,0.955930346879639,1
-2.0289895987545634,0.6323753490274726,0
-1.3027730109208993,1.950922829444633,0
-1.8140420168568985,1.0113074471435706,0
-1.4617177691630105,1.82100787083503,0
1.7985555915758873,0.05570499226574954,1
2.3465735417563844,1.3587084895006996,1
1.2913006000997163,2.220871186584406,1
-0.2665151567638264,3.6030896985820156,0
1.3636706393400302,2.159325863776862,1
2.3716855546154827,0.5506425667920573,1
-1.9626830971562637,0.18885298959993468,0
2.5290696961735115,0.6139584588479243,1
1.3803043679897153,1.222111486728974,1
-2.6907581641564096,-0.34592026956528854,0
-0.909592579872247,2.0821966628647512,0
-2.504765639194919,-0.23500592055445169,0
1.317783485709701,1.8185077963513518,1
-1.4391310104009793,1.4261049327982243,0
1.2866040128464133,2.184630593019983,1
-2.50131779887025,-0.2330572366089152,0
1.355291147895532,1.284553995062409,1
2.2116558866777134,0.5930814765068738,1
0.1401630774875291,2.7870413969559253,1
-0.2012180859688777,4.274083471784108,0
-0.6761661247729157,2.8188691917710997,0
3.7413526769249095,-1.6934021428291652,1
0.8595231855628831,3.2189829864826134,1
-1.210028385013016,2.0029045412836504,0
2.331977999677382,0.7927531530486124,1
-0.7300767201647437,3.092160062874381,0
1.3217699167505068,1.7987240447945456,1
-2.5299384216778,0.15528288798379952,0
-0.5677355418372935,2.6229833426204685,0
1.2996398526513913,2.337150837567628,1
-0.8888472931319839,2.931997812533686,0
1.408043529220053,1.6199386363607389,1
2.1162564454223025,0.49420507786047607,1
-1.5051685885690427,0.773399078146657,0
0.9477570501144497,2.0189572014136603,1
1.5588755821555031,1.5678951668567376,1
-2.0070411284118195,0.6410210185221334,0
-0.9428466865369312,2.496343620355229,0
-1.55922165350172,1.5612144018005065,0
1.1800189747323508,1.4204216536284415,1
3.6514105672260087,-0.6884945362148636,1
2.2136610818272295,1.0323039524100472,1
0.0399537248851749,3.2490104753826086,1
2.9035699482513984,0.2907313972400505,1
2.9341222433736664,-0.43704958814064754,1
0.6676683406258643,1.988194199162577,1
1.559848199215605,1.3355641362576898,1
2.4146271573374785,0.6716517405147236,1
3.308119918169088,-0.17036180887977292,1
-1.2912998244203004,1.7968746650510785,0
-2.0351050902907915,0.6018259366491425,0
1.0471598100912651,2.280496397952776,1
1.5817195790737197,1.472602479776222,1
-0.6927486774690765,3.1144909943868946,0
-1.5599935208841123,1.3369301311546606,0
2.012914301595613,1.0201543882468505,1
1.5616742363629466,1.266060752448728,1
2.1329225127583644,0.20011777748317705,1
-1.6283080684172728,0.7975308235899811,0
-2.752640130066954,-0.4013528790152574,0
-2.00607090697686,0.7318731755527631,0
-1.4747314281310904,1.3598404415133152,0
-1.9712452652790784,1.0346439810327663,0
0.8696792070404026,2.199228027248244,1
-1.6237663660518658,1.2329677265626646,0
1.4493420861776465,1.8107606171038073,1
-1.8535091583842613,1.1872880813278268,0
-1.6650829760362373,1.202331766110575,0
-2.0503853904096085,0.7439523454048577,0
-0.851414311771981,2.2233349777627067,0
1.4255406788606988,1.6141253321453304,1
-1.733970276033551,1.4615886164783967,0
2.040181790634792,0.7976254465907241,1
-0.9725712179763211,2.072603291527787,0
0.5344931284143926,2.5455673188918637,1
-1.5938234031728418,1.4469988851279236,0
1.8266263231334183,1.715065857998467,1
-1.893374520438263,0.6155465205990927,0
1.67537266730637,1.4366246166389331,1
-1.3432897775614687,2.1343307728046814,0
-0.36158535978911077,2.9347373261418586,0
-2.3193191947885317,-0.11929198358856041,0
0.7427744615563039,2.8760596910832463,1
1.2738875843265183,1.4528074556662713,1
1.138561069789021,1.9697420348838652,1
1.6152970874119978,1.372125462112761,1
-2.2973699144334794,0.08537523067531638,1
0.7781543551158918,2.0932587848877997,1
1.978637502410212,0.7837820694723779,1
-2.0221418330344023,0.6783429594066189,0
1.2801895680532498,0.8543307280245378,1
-1.9386250629039243,0.9228893807369883,0
1.0891931115404558,1.8451853622206023,1
-2.1058346839887725,0.6563388435811383,0
0.09786989465237617,3.2908872520535155,1
1.0206638570289182,1.7626935467669742,1
-2.222207305518225,0.4313251629715402,0
1.3627878451586084,1.6449382673735489,1
-0.3156151287314346,3.756445582995328,1
-2.278809806471387,0.08747862128274009,0
0.13073780929840173,2.6952499523822238,1
2.2876426533152077,0.547397615185347,1
-2.673031296849823,-0.3420747819346539,0
0.4098449112864917,4.595607805904736,0
1.6875597769279294,0.9886378202275277,1
-1.921453113865279,0.8052596202874032,0
1.815101072740325,1.2365153820589367,1
2.1549106012678028,0.4873367352703988,1
0.60127617808017,1.542720032019737,1
2.1122000597276105,1.3182180365672946,1
3.0160619821185,0.07816338223727604,1
0.895831669098158,1.9258062413820216,1
1.5885486554370059,1.2461663148402062,1
1.973553449579879,0.9633152901033872,1
1.3734980529370167,1.786118367997785,1
-0.6287921001676001,3.2261508201103353,0
-1.8787906082312058,0.8161753109978048,0
1.6487433795171178,1.336219609949156,1
0.4435446195159969,2.855981568023158,1
1.6155304995299027,1.6437008454929065,1
2.3361072353603674,0.4608107955576737,1
3.613532716088563,-1.0610032965132676,1
1.3168612898259693,2.057468890271904,1
1.376357882912669,2.084236975040232,1
-0.3478457063522933,3.674435701003125,0
0.6976829041697171,2.252474878650907,1
-1.364554373352031,1.0702044760274316,0
-2.147966494173993,0.5634518565175671,0
-1.5074195591366388,1.326233382459991,0
-2.2175883899216204,0.24575007564536389,0
-1.0679151247702272,2.1409734639060023,0
-1.790065569274531,0.8933176982918243,0
-0.49573817146436894,3.0450125489292033,0
-0.8084678369525227,2.517150024795102,0
0.8494147322997734,1.9261853513515885,1
-0.5792404653611462,2.558777081843668,0
0.38206677927895294,2.6199206609258394,1
-1.091663078555768,1.8787863377293386,0
1.285807110213579,1.6144300535168357,1
2.892912268284819,-0.29804066362043824,1
-1.1016824762329607,1.7170823048684372,0
0.8056480976179986,2.0459895710677447,1
-2.250999655968988,-0.023707001708533904,0
-0.8647696246395055,2.6650045550284305,0
1.0258574427274154,1.9777379588585244,1
-1.2385481653496726,1.7509084802227677,0
-1.6461621279322545,1.285978009973902,0
-1.1223400867630777,1.9819307679891334,0
-1.4136980052051702,1.115919588524317,0
-0.7200819148314348,2.9630427506163413,0
-1.151478548047436,3.1045061532822773,0
-1.8850120443786826,1.0964542302387477,0
2.2614481107149684,0.1114004334995875,1
1.6504052849173338,1.678456390721616,1
2.028829244466299,0.824426329784326,1
1.868320878362987,1.1467274234266194,0
1.6605942641538305,0.9929126538193023,1
-1.9976015523806756,0.9513959942457612,0
-1.416615183919606,1.6959839038092115,0
0.575678407661748,2.44903736282277,1
-2.0618979193402387,0.5712815150593318,0
-0.6860013531625244,2.8421850723244075,0
1.9165482363645572,0.6515404741857772,1
-2.2415719090296933,-0.4490609442671003,0
-1.6723519003492904,1.255945257725254,0
-0.47209494742911273,2.9867122529275725,0
0.395273234924407,3.1023688109912673,1
3.475581974403263,-0.24604359194043024,1
-2.77123043789783,-0.4171383697028346,0
-0.3648946738977541,3.546565196929669,1
-1.825102053105243,1.0389126426715112,0
-0.5553970044990161,3.2026387334878175,0
1.0493868446429375,2.0710886281206773,1
3.8428640695115917,-1.2323032109758953,1
-2.0333307318469966,0.9875769249063068,0
1.2169082569253704,1.8533263310964412,1
-0.9990346162170156,1.9105586330575002,0
-2.369192017978669,0.14554053288202407,0
-0.5850779466236291,2.859261178052075,0
0.05105532840186888,3.446332984200831,1
0.11881409550467437,2.1825295820861945,1
1.5694474209983555,1.7699309710339255,1
-1.2559429273347005,1.919655830884722,0
0.4271357178700832,3.074801696599617,1
-1.5352130708681804,1.2816946360018784,0
0.7629612552198323,2.06021163689221,1
-0.9367934537402981,2.424843535296289,0
1.338169371841787,2.17966271573965,1
-1.2564299137719788,2.1678578531639956,0
0.8728269205809088,2.0329200111685592,1
-1.1566537880440624,1.8482955777648038,0
-2.3987328686289664,0.17177739401765146,0
-1.6782439355370582,1.1312703709425114,0
0.3414009440811048,2.53395373714272,1
1.5851801605958884,1.4027058606863418,1
-1.0690379498011335,2.1427001668520886,0
1.5392524046865041,1.2538447116607991,1
-1.897694664395366,0.3967701622777253,0
2.179473803129483,0.6333287415804002,1
0.024050068600619312,3.0007908248389787,1
1.9768158563260299,1.6384837469715223,1
1.000518454802415,2.3485152189620404,1
-0.8607965565981215,1.9040209297881565,0
0.25692518610920945,4.141478351554722,0
-0.18526024079032033,3.6387547175068353,0
-0.8599316901828817,2.625089501749118,0
1.6157429930056484,1.3497184063089935,1
-0.9203800959518214,2.731868388176398,0
-0.9182462482018133,2.5743281907388913,0
1.9198226805332246,1.0014584229802235,1
-2.1430131756356676,0.2440209224327654,0
0.6207347878628271,2.9595620895999932,1
1.5652250448645606,1.4735462836545767,1
2.529821951739326,0.2948143906677656,1
-2.742622991227689,-0.8422374680150129,0
-1.8456868264005946,1.0816725800226001,0
-2.8752139944982895,-1.0505365422665172,0
-1.4695706564980726,1.706564777533665,0
-1.898048848632304,0.7240001177395129,0
-0.9888760151203482,2.7678116913293414,0
-1.8865833030776127,0.8555102972961454,0
-1.5825609929119735,1.075256508020892,0
-1.3874075279872258,2.203804739544275,0
2.8126618186397234,0.2898038663017688,1
-1.9403703499770943,0.8347093857135527,0
1.1287092487622605,2.12491668486227,1
1.6340227832909333,1.3130751781717764,1
0.7007454363329009,2.4529333310872135,1
-2.1018247998975403,0.30795753983401575,0
-0.9577161117723942,2.569670000533523,0
-0.9361874044072108,2.9690714123505977,0
-1.2370387657954423,2.2095915105068293,0
-0.7205634972499713,2.6223315997794225,0
-1.9083465545248235,1.3440119671009698,0
-1.0668260742472846,2.0954931246680557,0
0.389561035350767,2.689730972955501,1
1.187740662377358,1.6039444695896352,1
-1.4690728757653924,1.262344239304843,0
2.371016485544645,1.5865059725189479,1
1.839217358557062,1.451200676981596,1
-1.325089315590629,2.338533844572007,0
-1.0856628377995774,2.064724488160934,0
1.7252214740715681,0.6564089786594657,1
-1.2194720036131173,1.9442988647974393,0
-2.8574910509083655,-0.31838746559602993,0
-0.3977747057597598,3.1127536605360633,0
-1.6127453454444531,1.244601561058611,0
-2.8003326934435107,-0.7935758985247485,0
-1.5537244094615992,1.6296132392130402,0
0.6835530157951147,2.6045481478437216,1
0.6900474466780947,2.2111806049489595,1
1.6878113491488744,1.4295651408995782,1
-1.2376252683909295,1.5317243675018333,0
-1.5291537517783305,1.3929023715953601,0
0.17530512229692286,4.638715401007325,1
1.4195159966883728,1.3910715674280625,1
1.519026697248208,1.5531805742266735,1
1.9909718853007794,0.9124238436683413,1
-0.8423122199963999,2.4363586882126724,0
-2.1778228605947083,0.8024508052056181,0
-1.9295364618861037,0.5425929446811584,0
2.9436591263562066,-0.0015595100031129405,1
0.03890364672361302,3.2167145129757126,1
-1.4019682375636349,1.5807581306021654,0
-1.5335472599733606,1.9186583507432349,0
2.2006480894317093,0.5256863845708144,1
0.928288310616039,2.480046714126093,1
1.2297735691923417,2.336508825455738,1
1.492542209759983,1.0980030297062224,1
2.372694682898784,1.0794083178873504,1
-0.6611171412000755,2.5959539533421703,0
1.8761341530778883,2.013910309372686,1
-1.553927247218195,1.8986110155778169,0
-0.7744030153206269,2.7781207798206196,0
-0.46932979434172517,3.1479283106927824,0
1.6514938589556816,1.052720485488746,1
1.6035581715938378,0.764515002021207,1
1.6223982928049143,1.2217319146079249,1
0.6508051458660692,2.194607382714297,1
1.9843723156399657,0.4292270464809249,1
0.6138542073146982,2.6795910720904996,1
0.9474682096475742,1.7509211313552768,1
-1.213430905635904,1.9906556083961657,0
2.000105799989804,1.3996471061617697,1
1.0071866676238797,1.6328989144795882,1
-1.7591541893450184,1.2845339091519097,0
-1.448528413950235,1.854478771944337,0
-2.376929782551633,0.16611258571312115,0
-2.2999254876465365,-0.1970694823950112,0
-1.3621636774962669,1.6153170399697956,0
2.6337171619549125,0.9148134118458975,1
-1.816600680463156,1.2230596714439057,0
-1.039721671136758,2.3462530241573467,0
-1.5741146720613794,1.0821695423212199,0
-0.6952668676972511,2.845938236641775,0
-2.3481534038859015,0.3560848555878482,0
2.0231368280455397,0.735647272686789,1
2.428075853015507,0.36128221311142306,1
-1.6636705294330043,1.45666682288534,0
-2.0723132562867335,0.003010515827513105,0
1.0068661053121628,2.129014736091744,1
-1.6598151305746298,1.7234486568067855,0
1.4754830147029425,1.5293068663757854,1
0.9768468420222118,1.8800006730177368,1
-1.267020525312111,2.022849260095074,0
1.0104883641041027,1.3505939437068462,1
-2.107540246484056,0.5082409566749748,0
0.21096128514746915,2.967375485299275,1
-0.12895489715711306,3.254838604278463,1
0.9857797094399902,2.3888530787730256,1
-1.8579184204869241,0.6895324224590077,0
-1.2624731316697761,1.7237531083945927,0
-0.8912271581951136,2.7182097912438015,0
-1.890957409909452,1.0482933431334718,0
0.9765724921839992,1.9110039099622202,1
-1.987238075663662,0.8732917204492927,0
0.5812548700106146,2.143367939038627,1
-2.214151389537444,0.8057020190322269,0
1.0994218352037075,1.9388463089666281,1
-0.9478925869972709,2.5264241871528132,1
-2.254090678253324,0.23500496770185975,0
2.04138089649964,0.8552335866171615,1
-1.8161003778895117,1.0166381564596003,0
-0.7121408559382724,2.4683241537102663,0
1.6557097958717562,1.2346032915744054,1
-1.7106486455218335,1.1645530289635566,0
-0.8868472589620704,2.7505196493665633,0
-1.2192361346300222,1.8670257533123937,0
0.438830030435976,3.243038183316278,1
-0.6557520562368475,3.2536702136209144,0
-1.8284545207176586,1.2026230971217622,0
-1.4769134516134794,1.8250830449017543,0
-1.5052102336423139,2.183052297095669,0
-1.7720296088833842,0.47267898587592394,0
-0.735052867946101,3.0147010286350295,0
0.7318485635193883,2.195172953711866,1
2.070528461930627,1.1267620069597128,1
0.99759451868751,2.3594612652730187,1
-1.2467466743527842,1.8114286176245078,0
-2.584263407988736,-0.6001975784833626,0
1.1673966778617442,1.5350108774349145,1
1.9714129693765676,1.072168052944508,1
-1.536818146207267,1.1200838649617604,0
-1.0009842519340435,2.3030344488662595,0
-3.113877698433811,-1.1250782991671038,0
-1.8974648498715276,0.6916325716992477,0
-2.021779781741786,0.8336021342269216,0
-1.6506542305314325,1.3203737652631378,0
0.898093786916511,2.312657131546467,1
2.285164064542822,1.6951842698660298,1
2.4678189049446604,0.5384318491740012,1
-1.218717691352512,1.700430234775976,0
-1.466617511744673,0.9767965174978759,0
2.07099976868977,0.9433652024281062,1
0.6435891084592941,2.9654441525207953,1
-1.3868875161053296,1.3410231273446502,0
-2.2997860409509188,0.07033038841907158,0
-0.8087475327557951,2.7948463117675733,0
-0.9987657430859902,2.115755535167537,0
-0.1473962021540669,4.045050078881084,0
-1.758639718769403,1.1006931453484823,0
-2.3684154388570886,-0.1701331993626254,0
1.8675913791517427,1.5038539105232365,1
-1.75773312019218,0.905341317854482,0
1.3631426702881617,2.2108398553082935,1
2.0164503985156426,1.2323947735047,1
0.42718428347340165,2.4041148885470447,1
1.3830385650725079,1.2712749636728289,1
-2.1147641552881242,0.20007008465430087,0
1.915701955219255,0.9353816003866274,1
-0.7090371703386802,2.804900640665805,0
-0.6078704750866841,2.7913440820296644,0
-2.1360138679605063,0.4882314566076449,0
-2.8216755551747283,-0.49024312251700275,0
-1.6362809640727962,1.171921525880784,0
-2.1902523408293644,0.37323931820750866,0
-0.3086252123809574,3.813863910073009,1
-1.908573833439576,0.3975031928415389,0
2.1005257586680806,0.8806328407897295,1
-2.408471697303418,-0.06061667703282714,0
-1.2718408070258103,1.935674592257413,0
-0.9183589695894073,2.6773738469893447,0
2.190325811774145,-0.029306261180044535,1
-0.4598851066639975,2.787539055290609,0
-1.9302034273342317,0.8077109821642361,0
1.2246366340427188,1.7258132455943267,1
0.9001201322272663,1.705470511548027,1
-2.071055474873945,0.8581900866066795,0
-2.103918421921313,0.44744568358616554,0
1.2836848085119898,1.9954989817216728,1
-1.6176384902071619,1.0789092478431441,0
1.4386054786584659,1.8311527499930687,1
-0.927222477106714,2.0372489614153215,1
-0.32709038447905425,3.0047044597110597,0
-2.3993575368971363,0.5946999658073988,0
1.355652075693238,2.3505891772264915,1
0.9767180349232267,2.2244005270550757,1
1.0366302453819412,2.1810375012351075,1
-0.6844922127641975,2.5791113564855332,0
-0.8297480843993186,4.50945541871083,1
-2.9042349674093773,-0.8981914930656956,0
1.79354965784028,0.6235884289638297,1
2.119257797309283,0.4741244616814888,1
-1.4824506341196395,1.3301224249698667,0
1.4360793700436598,1.8396819345658437,1
-1.9585817154225282,0.7905369338634328,0
-1.8163364821964179,0.5502361437396631,0
-2.495766999088028,-0.015035863241079639,0
2.3049080678206346,1.337233593950707,1
-2.502718054734891,0.06740454725438982,0
-2.162353439331508,0.4716200919129041,0
-1.2145254386052857,2.074241549616929,0
-1.3311058981537816,2.0138518860222554,0
0.9375053402883881,1.761030093818999,1
-2.4176788950772403,0.6578021240807169,0
-1.18193357603102,2.68165049385669,0
-1.519832030943554,1.122465468835925,0
0.5476040797585513,2.555955530550678,1
1.4659946538649744,1.354153133677775,1
-0.5238953171067957,3.2840339429607104,0
1.0189116286549103,1.8969982158819432,1
-1.4726233330759722,1.5379856802428709,0
2.397281259634224,0.6528561622585709,1
0.9030840569595039,1.9530845486096964,1
-1.5648631130568043,1.6797498565687592,0
-1.098465024096408,2.2725898018674204,0
-2.1564994643508877,0.2616322404272098,0
-0.7180434139175805,3.5495737396744325,0
-1.7996543865132324,0.8692337146668969,0
1.774275538632203,1.5042217671401326,1
0.7193657318701963,4.548934452872356,0
1.4633606521045892,1.4442248576702066,1
0.29764066482365115,2.867700074637832,1
-2.369888413084062,0.2501612761659022,0
-1.0029882941839046,2.032186082000722,0
1.940466396344688,0.5793147134735565,1
-0.7853163412388504,2.8649881690465375,0
-2.281350354842095,-0.11619026943661614,0
-0.7727364804867107,3.2425153610803337,0
0.6255315010547421,2.604763892104557,1
-1.3313654127671481,2.224528070785495,0
1.816643578961129,0.6776709240510427,1
1.9849307060958192,0.8457297490076282,1
-1.4410899064935758,1.344653171226399,0
1.7646837886525444,1.3068380877129215,1
0.00476717391857262,3.2321366381362573,1
2.4200414930407885,0.6325819255658224,1
-0.24849691063306212,3.8375478866072896,0
-2.788347103238803,-0.8465631779130831,0
1.4153977750720526,1.12515476671256,1
-2.717362104514179,-0.4845126346789652,0
0.9516387975964059,2.2139388332493555,1
-1.0323139629555231,2.088787987176863,0
-1.2949961614338408,2.0094725307967076,0
1.2070776277186934,2.077833542260957,1
0.2993315767120919,2.2907565848195954,1
-1.619227230550703,1.4920572539713066,0
-1.0948683991968735,2.113644423114181,0
2.035352502532186,1.1010341786957325,1
1.0268793609766624,2.2058791057280462,1
2.0288660946763386,1.595762524769689,1
2.562139310776351,-0.04930130398661814,1
-1.3621285334594961,1.3078211541760085,0
-1.4652846969408002,2.067346467754813,0
-0.7545403394372634,2.928768414022404,0
-1.3590257078092998,1.7613824232618134,0
-0.0310720419857895,4.067379591581957,0
-1.5466646388957384,1.574603750850367,0
-2.159833920315573,-0.28710278816913104,0
1.4115419777469942,0.6762076840389488,1
-1.49671833146067,2.0057644651471884,0
-1.2439385613575566,2.709427891678951,1
1.576471975586149,1.4904831335140591,1
2.1458110085514903,1.0318136037973513,1
1.6058473707035572,1.6501796030089049,1
1.5352367868841292,1.3636568530325575,1
1.8208229240006002,1.0934406690903191,1
2.245213924436274,0.9376493380115476,1
0.6138419108574916,2.710008319006383,1
-1.421351355102597,1.621313648830862,0
-1.2991780274114646,1.8239694786978722,0
0.48185158378988513,2.3780772897796685,0
1.482865949940472,1.829375438895437,1
2.8214071845649915,-0.1743248534848132,1
-1.9029157387336137,1.289678052163414,0
0.607967759815969,2.0304400992026475,0
0.7423240827277483,2.9231892083394344,0
1.5249752480826768,2.1373755229283606,1
-1.0192106180149005,2.775501935457494,1
-2.1508940330341915,-0.0027720418438159644,0
0.6939457135378446,2.832642349686143,1
-0.7980457398968309,2.71924139325462,1
-1.1624308949414064,1.9574261181299994,0
-0.9247906717097816,2.715882530590609,0
2.812118097018758,0.25476975714165606,1
2.7839600115979675,-0.39601289803699813,1
2.4823583486226797,0.9712927850557441,1
2.3302444377157423,0.6957584787141364,1
2.184961637519457,0.3349872802997156,1
1.574810576703046,1.0066296155290249,1
-1.1778324236196047,1.600931135462403,0
0.10370706250731088,3.0995722529896486,1
-1.5179976595961684,1.0055143474247297,0
-1.51908404841085,1.4675619326777498,0
-1.615610436462733,1.6166249657566503,0
-1.573540143872465,1.472531591759801,0
1.6790226789488527,1.8610186876545955,1
-1.0000372789828114,2.569355998815184,0
0.6822837150743752,2.6535417700159813,1
1.0711289075469979,1.6885343438091462,1
-1.623423788725641,1.2492330038636061,0
-2.0138832646551807,0.22314514330709168,0
-1.3530983005115202,1.2391910058896227,0
-0.5584041708192045,3.710759533608727,1
-1.8149478905622345,0.6429567379354665,0
3.222265624651129,-0.46470637047611807,1
0.5925948574259343,2.2981235341135813,1
2.412432507377739,0.1268727702800425,1
-1.4327314972765395,1.8440932289918308,0
1.7931669810687714,1.0383753090473637,0
1.6672854687189256,1.0851230729314905,1
-2.213008306608929,0.465630787007705,0
2.353070504496311,0.9689549241123679,1
1.3325052265192991,1.8077324222071698,1
-1.9643761988330037,0.5303480052820695,0
-0.8680421647850928,2.389988355099432,0
-1.6345175353076322,1.5207221755453004,0
-0.9782550593327165,2.809288314967619,0
1.4984600029000048,1.638715586358472,1
1.4729128753514846,1.4864751264985088,1
0.711293539902809,3.3443150552978893,0
0.03729119465579256,4.010052260781782,0
1.7523751601888202,0.8912888886976115,1
-2.0877041309624067,0.9431085668801478,0
-2.1458471666466488,0.1623024583125392,0
-0.4747722082570165,3.1643483279142024,0
2.2957776707757374,1.0425486599115357,1
1.7185236572942888,0.7823772506489686,1
2.792798543917294,0.5218264963126419,1
-1.1330693709409423,2.1834876715809672,0
-1.2396352559125166,1.2404346746120851,0
-1.3220512208645034,1.6423242714050854,0
1.736965109915969,1.528689209742896,1
-0.9001417735730032,2.91594480411587,0
-1.3362050882468177,1.7533464094747524,0
0.7411023971301468,2.3350358702017786,1
-1.6584014099275146,1.3513684987399213,0
1.7305249882946805,1.5200644120583506,1
-1.9400193469309535,1.2800471274991558,0
-1.740742297293575,0.1070595878709435,0
1.408977826497669,1.1057350586852854,1
0.9367776122802887,2.720578659025039,1
-0.9298302827244153,3.0286818659820653,0
-1.0891832387936171,2.28132603979798,0
1.2122540675878077,1.8952371869410038,1
2.088679166950333,0.7751283383561595,1
0.7753417480709505,1.4912227297058542,1
-1.218853623257633,2.149891806536689,0
2.1997079972582507,0.7566032052977115,1
-1.303717525317388,2.1365567579969027,0
1.9046539979752826,1.0744904769007408,1
1.6360195361270635,1.7035521537055005,1
-1.3391209019756236,2.2485040184185174,0
1.6403878878135283,1.6506876551145766,1
1.798686543715348,0.9070763653766571,1
-1.3451262599497789,1.736695236795477,0
-1.853953410795225,0.8609846109949982,0
-1.475311694969462,1.269589000563815,0
1.9065013286361312,0.9964526063616544,1
-0.07381281383529337,3.473442641073837,0
0.23392812389873607,2.6247153625774065,1
1.7934472417398633,1.5131751375362144,1
-1.4368753691273901,1.876053067825272,0
2.096977346687542,0.5013423729126896,1
-1.2736916517513674,2.049570605612987,0
-0.7629597001570243,2.493419624617304,0
1.0287991015324536,1.9698179972030574,1
-1.7153844530168563,1.2407116588537086,0
3.109154538039112,-0.25294936284410263,1
1.3425128967755204,2.3725921409148563,1
1.9403869523943977,1.2683282605138986,1
1.5697065027128467,1.3098287845431096,1
0.5182507773382697,2.291058145460222,1
-0.19310998615964703,3.6106057891329075,0
2.2393789240209507,0.8675409427572142,1
1.7127102922174469,1.3429224579854606,1
-0.7715066123735576,2.378556355194622,0
-1.3819982132455968,1.2841423349400325,0
1.1645004305285933,1.6124775158797877,1
1.4197828815688065,1.813614045226446,1
-2.6473348414520004,-0.27071477013936796,0
-1.1510470177992906,2.6407464725491185,0
2.303990436257467,0.560340321297953,1
-1.9688362355752869,0.7238370208587749,0
-1.9298185491212128,1.3664057663716855,0
2.07548163551466,1.3533363252083777,1
0.9020408866572627,2.5395865043616257,1
0.2715114706284405,2.099495645459591,1
0.5155598424732796,3.569437122457376,1
-2.0494278580940684,0.7061479591252737,0
2.3113886889926714,-0.1202813168358483,1
-1.023408080467379,2.371722820744896,0
1.087986407994769,1.5600389011155953,1
1.287514266053458,1.2531777941731526,1
-0.2160201024554771,3.2779135759912705,1
-3.154948735495452,-1.3259229783007758,0
0.7078956900573604,2.1618835485445946,1
1.7681297688090243,1.3570873228141074,1
-1.646990138101575,1.443537459098005,0
1.4845378821225665,1.7800845714765803,1
-1.9443330230017704,1.1955299416897764,1
1.268834407179642,1.097445885439155,1
-0.9922738463871612,2.3131538401577796,0
-1.1457268075847866,2.262039853980715,0
2.862005851184681,-0.39482915731621016,1
3.726727518353012,-1.1991962494020019,1
1.1761194390685232,1.8549787923253733,1
2.0375987593422202,1.4619872509710325,1
1.431911108083747,2.035297281185362,1
2.2117830770839086,0.7121698287601043,1
-1.0960245763146421,2.0069052117585975,0
1.6629847020478286,1.5558948996884394,1
-1.9723730253709664,0.6739922939707987,0
1.1927227550648054,1.6752590530161435,1
-0.3726403274666461,3.7064596692356306,1
2.527698447985742,0.35595174186361844,1
-0.1724527753095424,3.616290332761566,0
-1.9154713928180962,0.8811175885968547,0
-1.3474041424519279,1.2299128802725832,0
-1.7036946206432544,0.925217307636112,0
3.2875196574570222,-0.18772008859441391,0
2.4360789679038963,0.5797090831959979,1
0.00030475773534344164,3.6586686652676663,0
-2.100839594403818,0.7184396241524847,0
0.7643778644169219,1.6792676101908721,1
3.07357334320176,-0.6197328395478618,1
-1.6615907574315743,1.7321259251052474,0
1.3754269084374562,1.2618720655265563,1
-1.1189749461937377,1.8822944444738205,0
-2.060739248950412,0.4457470219059767,0
1.691995683463591,0.3855184101913567,1
-0.9703466916809891,2.537133608272105,0
0.4489072073216789,2.833653220238171,1
1.622508282345224,1.536196692070106,1
2.542994198909982,0.23324359588123977,1
-1.101168361656184,2.3578822875069996,0
-1.177756138442816,2.225267091997707,0
1.563149705004844,1.8647559262427504,1
0.042017905077244455,2.8975538580839117,1
-1.7321196064553905,0.941131847997632,0
0.4422246623124031,2.1331969963998327,1
0.44177394249213564,2.6185958053587584,1
-1.3148260328718633,1.7102685353828304,0
-2.718022795381804,-0.8948188779120891,0
1.8698770661765907,1.4427517102338203,1
1.2105108356005427,2.073303442532043,1
-1.5043882905762904,0.9585091026110965,0
0.08943939318955851,2.861786428288519,1
-1.8701556864224902,0.7614044973604495,0
0.6455629761117074,2.523847522513747,1
-1.0737259296310815,2.025373577770973,0
-2.155310120872525,0.7868795546182273,0
-1.890460761129454,1.0160355762797952,0
-0.20878063136813285,2.892047122802177,1
-3.3483460788961454,-1.9073607431208437,0
0.23215774410169754,2.9230152757535808,1
-0.7934247644592937,2.8925653715149067,0
2.068204903875447,0.7429597367962718,1
1.3756933848100064,1.476354463023564,1
-0.6909362991404674,3.089221801797229,0
1.6767540532688836,1.4095739946686163,0
1.9517311748392427,1.3773204952576097,1
1.5543247866040322,1.7611068866847095,1
-1.8817749308861573,0.5031388608551197,1
1.0868379385942637,1.365132557699815,1
0.4570406193919796,2.058923637363038,1
-1.622151606357164,1.2932431476949993,0
1.5029213540222326,1.6038589525427223,0
1.3788890094771338,1.6826733696986558,1
0.18028289707817557,2.440436733087269,1
-1.60357079757794,1.570041989881784,0
0.38902205986710015,2.4859875347106515,1
2.4832075293364038,0.4154274380829224,1
1.0298011758785475,1.6992559530937783,1
0.2546897571388913,2.525209969480381,1
-2.1122799781857866,0.6171538976036196,0
0.6067637541828819,2.3717655463242346,1
-0.5529257340945479,3.3028041172494316,1
0.646701057082302,1.717086856369418,1
-1.489721997422365,1.7528191373481874,0
-1.984558271651032,0.6704532273604299,0
2.4197247466827143,0.3319425209475122,1
2.428391797968949,0.427650104919842,1
1.782455444993455,1.3226526855214473,1
-0.03992098003601163,4.2233733662162365,0
-0.6029500983449708,2.7183924355491613,0
0.33604919021133295,2.5418005325310506,1
-2.66039845978491,-0.9274059361102882,0
-2.7016885287603407,-0.47790020718797366,0
0.5780796087746088,2.669893816720969,1
-2.8209483959163113,-0.9069526832532708,0
0.5132383674128088,2.419635760842755,1
-1.5018655901927926,1.3517139732934287,0
-0.7568187164113681,2.6531752835087667,0
1.8397284974998507,1.0783551335325656,1
-0.9770519559151079,2.7095986325110304,0
2.075013087051617,0.5838364188868308,1
1.3499215481821012,1.3306684488058662,1
0.46875517158980684,2.547388555366457,1
-1.1261390082514864,2.004539022967905,0
-2.624081022779488,-0.8622487705583657,0
1.3040772971132462,1.543478029661644,1
-2.7277914401356123,-0.6329141569221277,0
-1.245366069624955,2.0211105812074446,0
-1.650729012849126,0.9854912689549095,0
2.4963995516900406,-0.05811295429690366,1
-1.6022578326905346,1.3895407621512164,0
-0.8749497487655578,2.1900505937642043,0
0.37824465364323157,2.9993081096822998,1
-0.08398457714889762,3.9329732221897196,0
-1.3389916724085582,1.559332239996947,0
-2.1480879381207343,0.814991844451543,0
-0.9951068018269236,2.033174930547,0
-2.1598983922449446,0.20056520356236485,0
-1.8353815180342203,0.9030679876013797,0
1.6729212322503246,1.2392730582467824,1
-1.2649681680584148,2.2031295724240825,0
1.749883052165943,0.7081324419114036,1
-1.4982120956134235,1.7061235865735653,0
-1.8405083282883985,0.9716708156208298,0
-1.2783280588508132,2.1572897171486103,0
0.8787500885531725,2.055500767230034,1
-0.6029391758297532,2.4890762793383567,0
-0.9761988614358789,2.3520696936818686,0
2.021614792397881,0.9579960573702875,1
-2.3698837442399925,0.12605013406319254,0
-2.3818782032224215,0.47777031652974156,0
1.5583320000356702,1.149402833420888,1
2.0875521545779603,-0.02781994789051012,1
0.985979303286845,1.6329658178708641,1
-2.8359019698615446,-0.3470938180872887,0
0.8799551870438852,2.1414870643580772,1
-1.3576285655286473,1.4313447673644042,0
-1.3496756824825775,1.4651136521705532,0
-0.0255739123505756,4.539773686751133,0
1.06329834830216,1.2387876205165613,1
0.8093277846906841,2.429440995802378,1
0.2456771730681664,2.4047725537868265,1
-1.2055369478587958,2.1030779314320376,0
1.5595646549641546,1.4497475834386242,1
1.4600395505053374,1.5282019858548284,1
1.582269437159305,1.2408066137103888,1
1.7852989889674908,0.6292993314639221,1
-2.591305485094431,-0.9412902217711858,0
-1.7574483193009214,0.3995992577804057,0
-0.7083193183980409,2.8157023910209813,0
1.3537777178827337,1.9989185152571238,1
1.9868050885497919,1.4487827949932106,1
2.699165137107194,0.25324149022228215,1
2.419510945959539,1.157284989874015,1
2.7732915119168053,0.08034646719979999,1
1.7045859001181674,0.9345073512687551,1
-0.4680166329589497,2.8587840981649144,0
1.9538142236426517,1.04901995748347,1
-1.8622984938459959,0.8985190302921927,0
-2.753022133997982,-0.35101184074943026,0
-1.3962751423346063,1.457586412369437,0
-1.2507353199240088,2.057093083762003,0
-2.431188020408346,-0.2779929948932047,0
